	chrom	start	end	base	mod_percent	strand	Start	End	color	transcript_id_full	read_index	probability_modified	kmer
44924	chr2	112254993	112254994	a	5.0	-	112254993	112254994		ZC3H8-201	20	0.1386518925428391	GGACC
44925	chr2	112254954	112254955	a	0.0	-	112254954	112254955		ZC3H8-201	20	0.0014177679549903	AAACC
44926	chr2	112250237	112250238	a	0.0	-	112250237	112250238		ZC3H8-201	21	0.0508809760212898	AAACA
44927	chr2	112250217	112250218	a	8.695652173913041	-	112250217	112250218		ZC3H8-201	23	0.3113679587841034	AAACT
44928	chr2	112238522	112238523	a	3.84615384615385	-	112238522	112238523		ZC3H8-201	26	0.0641031041741371	AGACA
44929	chr2	112238469	112238470	a	30.43478260869565	-	112238469	112238470		ZC3H8-201	23	0.6932294964790344	GGACT
44930	chr2	112236687	112236688	a	6.4516129032258105	-	112236687	112236688		ZC3H8-201	31	0.0919664353132248	AAACA
44931	chr2	112236645	112236646	a	3.57142857142857	-	112236645	112236646		ZC3H8-201	28	0.1034450978040695	AAACA
44932	chr2	112236607	112236608	a	0.0	-	112236607	112236608		ZC3H8-201	32	0.0111053111031651	AAACA
44933	chr2	112236580	112236581	a	51.72413793103448	-	112236580	112236581		ZC3H8-201	29	0.6409350037574768	GAACA
44934	chr2	112234227	112234228	a	0.0	-	112234227	112234228		ZC3H8-201	28	0.0199915952980518	AAACC
44935	chr2	112234158	112234159	a	0.0	-	112234158	112234159		ZC3H8-201	33	0.0846633091568947	AAACA
44936	chr2	112233366	112233367	a	0.0	-	112233366	112233367		ZC3H8-201	22	0.0220799930393696	AGACC
44937	chr2	112233276	112233277	a	11.76470588235294	-	112233276	112233277		ZC3H8-201	34	0.3230009078979492	AAACT
44938	chr2	112231914	112231915	a	2.94117647058824	-	112231914	112231915		ZC3H8-201	34	0.2466046512126923	GAACA
44939	chr2	112231866	112231867	a	0.0	-	112231866	112231867		ZC3H8-201	31	0.0874471515417099	TGACT
44940	chr2	112231857	112231858	a	0.0	-	112231857	112231858		ZC3H8-201	37	0.0697507411241531	AAACA
44941	chr2	112230911	112230912	a	8.82352941176471	-	112230911	112230912		ZC3H8-201	34	0.3521820902824402	AGACA
44942	chr2	112216419	112216420	a	8.10810810810811	-	112216419	112216420		ZC3H8-201	37	0.2420550882816315	AGACT
44943	chr2	112216409	112216410	a	29.03225806451613	-	112216409	112216410		ZC3H8-201	31	0.3783964216709137	AGACT
44944	chr2	112216354	112216355	a	17.14285714285714	-	112216354	112216355		ZC3H8-201	35	0.3871355652809143	TGACT
44945	chr2	112216320	112216321	a	66.66666666666666	-	112216320	112216321		ZC3H8-201	21	0.959685206413269	GGACA
44946	chr2	112216270	112216271	a	4.87804878048781	-	112216270	112216271		ZC3H8-201	41	0.0927044674754143	AGACA
44947	chr2	112216188	112216189	a	2.4390243902439	-	112216188	112216189		ZC3H8-201	41	0.0583643689751625	AAACC
44948	chr2	112216091	112216092	a	12.5	-	112216091	112216092		ZC3H8-201	48	0.3340118825435638	GAACT
44949	chr2	112216079	112216080	a	4.76190476190476	-	112216079	112216080		ZC3H8-201	42	0.1771847456693649	AGACA
44950	chr2	112216065	112216066	a	6.81818181818182	-	112216065	112216066		ZC3H8-201	44	0.2520217299461365	GGACC
44951	chr2	112216056	112216057	a	0.0	-	112216056	112216057		ZC3H8-201	36	0.0436412915587425	AAACA
44952	chr2	112216035	112216036	a	6.66666666666667	-	112216035	112216036		ZC3H8-201	45	0.1233591437339783	TGACA
44953	chr2	112215948	112215949	a	0.0	-	112215948	112215949		ZC3H8-201	41	0.042808722704649	AAACC
44954	chr2	112215929	112215930	a	2.77777777777778	-	112215929	112215930		ZC3H8-201	36	0.1306651085615158	AGACA
44955	chr2	112215889	112215890	a	0.0	-	112215889	112215890		ZC3H8-201	32	0.0667885914444923	AAACA
44956	chr2	112482372	112482373	a	0.0	+	112482372	112482373		TTL-201	23	0.1364937424659729	GAACA
44957	chr2	112482441	112482442	a	0.0	+	112482441	112482442		TTL-201	28	0.0430171824991703	AGACA
44958	chr2	112482496	112482497	a	29.629629629629623	+	112482496	112482497		TTL-201	27	0.3545952439308167	AGACT
44959	chr2	112485964	112485965	a	0.0	+	112485964	112485965		TTL-201	21	0.0646994858980179	TGACA
44960	chr2	112485968	112485969	a	40.74074074074074	+	112485968	112485969		TTL-201	27	0.9301721453666688	AAACT
44961	chr2	112494152	112494153	a	0.0	+	112494152	112494153		TTL-201	23	0.044126458466053	AGACA
44962	chr2	112494163	112494164	a	7.69230769230769	+	112494163	112494164		TTL-201	26	0.2416771650314331	GAACT
44963	chr2	112494224	112494225	a	18.18181818181818	+	112494224	112494225		TTL-201	22	0.2777863740921021	AGACT
44964	chr2	112494270	112494271	a	17.85714285714286	+	112494270	112494271		TTL-201	28	0.3253170847892761	TAACT
44965	chr2	112501256	112501257	a	0.0	+	112501256	112501257		TTL-201	26	0.0283813625574112	AGACA
44966	chr2	112501334	112501335	a	3.7037037037037	+	112501334	112501335		TTL-201	27	0.0749363675713539	TGACA
44967	chr2	112502972	112502973	a	84.0	+	112502972	112502973		TTL-201	25	0.985573410987854	GGACT
44968	chr2	112502983	112502984	a	0.0	+	112502983	112502984		TTL-201	27	0.0525558590888977	GAACC
44969	chr2	112503009	112503010	a	4.347826086956521	+	112503009	112503010		TTL-201	23	0.1472489982843399	AGACA
44970	chr2	112503014	112503015	a	0.0	+	112503014	112503015		TTL-201	21	0.092831015586853	AAACC
44971	chr2	112503026	112503027	a	0.0	+	112503026	112503027		TTL-201	28	0.0384786613285542	TGACC
44972	chr2	112503060	112503061	a	24.13793103448276	+	112503060	112503061		TTL-201	29	0.3426119387149811	GAACT
44973	chr2	112503119	112503120	a	0.0	+	112503119	112503120		TTL-201	29	0.0549580752849579	TAACA
44974	chr2	112503132	112503133	a	13.79310344827586	+	112503132	112503133		TTL-201	29	0.4603631496429443	GAACA
44975	chr2	112503169	112503170	a	0.0	+	112503169	112503170		TTL-201	30	0.0575778260827065	AAACA
44976	chr2	112520283	112520284	a	28.000000000000004	+	112520283	112520284		TTL-201	25	0.555460512638092	GAACT
44977	chr2	112520358	112520359	a	10.71428571428571	+	112520358	112520359		TTL-201	28	0.3902603685855865	TGACT
44978	chr2	112528695	112528696	a	18.75	+	112528695	112528696		TTL-201	32	0.5116607546806335	GAACT
44979	chr2	112528715	112528716	a	23.33333333333333	+	112528715	112528716		TTL-201	30	0.6206310987472534	GGACA
44980	chr2	112528765	112528766	a	0.0	+	112528765	112528766		TTL-201	31	0.0537103302776814	AGACC
44981	chr2	112528794	112528795	a	35.0	+	112528794	112528795		TTL-201	20	0.6051579713821411	TGACA
44982	chr2	112528858	112528859	a	74.07407407407408	+	112528858	112528859		TTL-201	27	0.9316819310188292	TGACT
44983	chr2	112529010	112529011	a	93.5483870967742	+	112529010	112529011		TTL-201	31	0.9412546157836914	AGACT
44984	chr2	112529020	112529021	a	3.125	+	112529020	112529021		TTL-201	32	0.0894071310758591	AAACA
44985	chr2	112529094	112529095	a	51.61290322580645	+	112529094	112529095		TTL-201	31	0.9146586656570436	GGACC
44986	chr2	112529171	112529172	a	93.10344827586206	+	112529171	112529172		TTL-201	29	0.9725440740585328	GGACT
44987	chr2	112529236	112529237	a	0.0	+	112529236	112529237		TTL-201	31	0.035397969186306	TAACA
44988	chr2	112529390	112529391	a	3.2258064516128995	+	112529390	112529391		TTL-201	31	0.1222077161073685	AAACA
44989	chr2	112529433	112529434	a	0.0	+	112529433	112529434		TTL-201	33	0.0300803426653147	AAACA
44990	chr2	112529456	112529457	a	0.0	+	112529456	112529457		TTL-201	32	0.1190881729125977	GAACC
44991	chr2	112529492	112529493	a	3.2258064516128995	+	112529492	112529493		TTL-201	31	0.1154893413186073	AAACA
44992	chr2	112529579	112529580	a	0.0	+	112529579	112529580		TTL-201	27	0.0154338479042053	TAACC
44993	chr2	112529654	112529655	a	0.0	+	112529654	112529655		TTL-201	25	0.0112022934481502	AAACC
44994	chr2	112529711	112529712	a	18.18181818181818	+	112529711	112529712		TTL-201	22	0.2492421865463257	AGACA
44995	chr2	112529778	112529779	a	13.04347826086956	+	112529778	112529779		TTL-201	23	0.248854473233223	GGACA
44996	chr2	112529956	112529957	a	12.0	+	112529956	112529957		TTL-201	25	0.1827434897422791	TAACT
44997	chr2	112530007	112530008	a	7.40740740740741	+	112530007	112530008		TTL-201	27	0.1940275728702545	GAACA
44998	chr2	112530043	112530044	a	4.16666666666667	+	112530043	112530044		TTL-201	24	0.0780226588249207	AAACA
44999	chr2	112530090	112530091	a	4.76190476190476	+	112530090	112530091		TTL-201	21	0.1681175529956818	AAACT
45000	chr2	112530173	112530174	a	0.0	+	112530173	112530174		TTL-201	26	0.0754951685667038	AAACA
45001	chr2	112530194	112530195	a	8.33333333333333	+	112530194	112530195		TTL-201	24	0.17934849858284	AGACT
45002	chr2	112530231	112530232	a	24.0	+	112530231	112530232		TTL-201	25	0.4180397093296051	GAACA
45003	chr2	112530249	112530250	a	16.0	+	112530249	112530250		TTL-201	25	0.3264069259166718	GAACT
45004	chr2	112530451	112530452	a	8.695652173913041	+	112530451	112530452		TTL-201	23	0.2260028421878815	AAACA
45005	chr2	112530656	112530657	a	0.0	+	112530656	112530657		TTL-201	22	0.0829025730490685	TAACA
45006	chr2	112530681	112530682	a	12.5	+	112530681	112530682		TTL-201	24	0.3329146504402161	GGACC
45007	chr2	112530696	112530697	a	0.0	+	112530696	112530697		TTL-201	22	0.0345630496740341	AGACA
45008	chr2	112530726	112530727	a	0.0	+	112530726	112530727		TTL-201	24	0.0147093534469604	TAACA
45009	chr2	112530784	112530785	a	0.0	+	112530784	112530785		TTL-201	20	0.0600884668529034	AAACC
45010	chr2	112530789	112530790	a	25.0	+	112530789	112530790		TTL-201	24	0.5897272229194641	TGACT
45011	chr2	112530819	112530820	a	16.66666666666667	+	112530819	112530820		TTL-201	24	0.3079648315906525	AGACT
45012	chr2	112530882	112530883	a	13.04347826086956	+	112530882	112530883		TTL-201	23	0.2461011856794357	GAACT
45013	chr2	112531185	112531186	a	14.28571428571428	+	112531185	112531186		TTL-201	21	0.3025355637073517	GAACT
45014	chr2	112531215	112531216	a	9.09090909090909	+	112531215	112531216		TTL-201	22	0.0796587318181992	TGACA
45015	chr2	112531343	112531344	a	9.09090909090909	+	112531343	112531344		TTL-201	22	0.209515243768692	TGACT
45016	chr2	112531370	112531371	a	0.0	+	112531370	112531371		TTL-201	22	0.0322779640555382	TAACC
45017	chr2	112531418	112531419	a	9.09090909090909	+	112531418	112531419		TTL-201	22	0.204668790102005	TGACC
45018	chr2	112531426	112531427	a	63.63636363636363	+	112531426	112531427		TTL-201	22	0.9361054301261902	GGACT
45019	chr2	112531458	112531459	a	10.0	+	112531458	112531459		TTL-201	20	0.1790322363376617	TGACA
45020	chr2	112531505	112531506	a	4.347826086956521	+	112531505	112531506		TTL-201	23	0.1209016889333725	TGACT
45021	chr2	112531521	112531522	a	14.28571428571428	+	112531521	112531522		TTL-201	21	0.5026207566261292	TGACT
45022	chr2	112531587	112531588	a	4.76190476190476	+	112531587	112531588		TTL-201	21	0.0935155898332596	GAACC
45023	chr2	112531621	112531622	a	4.76190476190476	+	112531621	112531622		TTL-201	21	0.0740495473146439	GAACC
45024	chr2	112531645	112531646	a	0.0	+	112531645	112531646		TTL-201	22	0.0966127663850784	AAACA
45025	chr2	112531683	112531684	a	18.18181818181818	+	112531683	112531684		TTL-201	22	0.5236061215400696	TGACT
45026	chr2	112531710	112531711	a	0.0	+	112531710	112531711		TTL-201	21	0.1011857986450195	AAACA
45027	chr2	112531818	112531819	a	9.09090909090909	+	112531818	112531819		TTL-201	22	0.2405219823122025	AAACT
45028	chr2	112531824	112531825	a	0.0	+	112531824	112531825		TTL-201	20	0.0486366711556911	AAACA
45029	chr2	112531862	112531863	a	0.0	+	112531862	112531863		TTL-201	20	0.0190873648971319	TGACA
45030	chr2	112531875	112531876	a	9.09090909090909	+	112531875	112531876		TTL-201	22	0.1690113991498947	AAACA
45031	chr2	112531946	112531947	a	4.76190476190476	+	112531946	112531947		TTL-201	21	0.051290076225996	AAACT
45032	chr2	112531987	112531988	a	42.85714285714285	+	112531987	112531988		TTL-201	21	0.6295051574707031	GAACA
45033	chr2	112532034	112532035	a	0.0	+	112532034	112532035		TTL-201	22	0.0561994202435017	TGACA
45034	chr2	112532096	112532097	a	23.80952380952381	+	112532096	112532097		TTL-201	21	0.3445572257041931	GAACA
45035	chr2	112532134	112532135	a	13.63636363636364	+	112532134	112532135		TTL-201	22	0.3100059032440186	TGACA
45036	chr2	112532226	112532227	a	4.545454545454549	+	112532226	112532227		TTL-201	22	0.1519455909729004	AGACA
45037	chr2	112532306	112532307	a	28.57142857142857	+	112532306	112532307		TTL-201	21	0.638161301612854	GGACA
45038	chr2	112532334	112532335	a	17.39130434782609	+	112532334	112532335		TTL-201	23	0.4374829232692719	TGACT
45039	chr2	112532378	112532379	a	22.72727272727273	+	112532378	112532379		TTL-201	22	0.271324098110199	GAACA
45040	chr2	112584556	112584557	a	0.0	+	112584556	112584557		CHCHD5-203	73	0.0199862867593765	AAACC
45041	chr2	112584582	112584583	a	1.31578947368421	+	112584582	112584583		CHCHD5-203	76	0.0331623218953609	TGACA
45042	chr2	112584619	112584620	a	11.94029850746269	+	112584619	112584620		CHCHD5-203	67	0.3898696303367615	GGACA
45043	chr2	112586068	112586069	a	63.91752577319587	+	112586068	112586069		CHCHD5-203	97	0.8202913999557495	GGACT
45044	chr2	112588891	112588892	a	18.94736842105263	+	112588891	112588892		CHCHD5-203	95	0.4735978245735168	GGACT
45045	chr2	112588911	112588912	a	10.47619047619048	+	112588911	112588912		CHCHD5-203	105	0.2246457636356354	AAACT
45046	chr2	112588916	112588917	a	14.91228070175439	+	112588916	112588917		CHCHD5-203	114	0.3261980414390564	GGACA
45047	chr2	112588925	112588926	a	11.34020618556701	+	112588925	112588926		CHCHD5-203	97	0.3030599057674408	TGACT
45048	chr2	112588979	112588980	a	12.38938053097345	+	112588979	112588980		CHCHD5-203	113	0.3119955658912659	GGACA
45049	chr2	112589008	112589009	a	77.01149425287356	+	112589008	112589009		CHCHD5-203	87	0.979897141456604	GGACT
45050	chr2	112589025	112589026	a	74.32432432432432	+	112589025	112589026		CHCHD5-203	74	0.9243563413619996	AGACT
45051	chr2	112584619	112584620	a	8.695652173913041	+	112584619	112584620		CHCHD5-201	23	0.2128690779209137	GGACA
45052	chr2	112586068	112586069	a	71.42857142857143	+	112586068	112586069		CHCHD5-201	35	0.7744921445846558	GGACT
45053	chr2	112588891	112588892	a	15.151515151515149	+	112588891	112588892		CHCHD5-201	33	0.3356376886367798	GGACT
45054	chr2	112588911	112588912	a	8.33333333333333	+	112588911	112588912		CHCHD5-201	36	0.1143280267715454	AAACT
45055	chr2	112588916	112588917	a	18.91891891891892	+	112588916	112588917		CHCHD5-201	37	0.2249280959367752	GGACA
45056	chr2	112588925	112588926	a	14.70588235294118	+	112588925	112588926		CHCHD5-201	34	0.3420546650886536	TGACT
45057	chr2	112588979	112588980	a	10.81081081081081	+	112588979	112588980		CHCHD5-201	37	0.2974690794944763	GGACA
45058	chr2	112589008	112589009	a	64.51612903225806	+	112589008	112589009		CHCHD5-201	31	0.9441902041435242	GGACT
45059	chr2	112589025	112589026	a	66.66666666666666	+	112589025	112589026		CHCHD5-201	24	0.8835268020629883	AGACT
45060	chr2	112586068	112586069	a	81.48148148148148	+	112586068	112586069		CHCHD5-204	27	0.9378268122673036	GGACT
45061	chr2	112588891	112588892	a	30.43478260869565	+	112588891	112588892		CHCHD5-204	23	0.5359162092208862	GGACT
45062	chr2	112588911	112588912	a	7.14285714285714	+	112588911	112588912		CHCHD5-204	28	0.1749706417322159	AAACT
45063	chr2	112588916	112588917	a	10.0	+	112588916	112588917		CHCHD5-204	30	0.3061121106147766	GGACA
45064	chr2	112588925	112588926	a	7.40740740740741	+	112588925	112588926		CHCHD5-204	27	0.1478137373924255	TGACT
45065	chr2	112588979	112588980	a	9.67741935483871	+	112588979	112588980		CHCHD5-204	31	0.3012309372425079	GGACA
45066	chr2	112589008	112589009	a	74.07407407407408	+	112589008	112589009		CHCHD5-204	27	0.910278618335724	GGACT
45067	chr2	112589025	112589026	a	78.26086956521739	+	112589025	112589026		CHCHD5-204	23	0.8674029111862183	AGACT
45068	chr2	112645990	112645991	a	1.21951219512195	+	112645990	112645991		SLC20A1-201	82	0.0525936111807823	AAACC
45069	chr2	112646567	112646568	a	10.63829787234043	+	112646567	112646568		SLC20A1-201	94	0.2522479295730591	GAACT
45070	chr2	112646635	112646636	a	0.0	+	112646635	112646636		SLC20A1-201	97	0.0097448583692312	AAACC
45071	chr2	112646642	112646643	a	12.37113402061856	+	112646642	112646643		SLC20A1-201	97	0.2795821726322174	AGACA
45072	chr2	112646675	112646676	a	13.20754716981132	+	112646675	112646676		SLC20A1-201	106	0.3196036517620087	TAACT
45073	chr2	112646809	112646810	a	1.6949152542372898	+	112646809	112646810		SLC20A1-201	118	0.0649495273828506	AAACA
45074	chr2	112646886	112646887	a	70.94017094017094	+	112646886	112646887		SLC20A1-201	117	0.8989942669868469	GGACT
45075	chr2	112646999	112647000	a	0.8130081300813	+	112646999	112647000		SLC20A1-201	123	0.0718513876199722	TGACC
45076	chr2	112647038	112647039	a	0.8264462809917401	+	112647038	112647039		SLC20A1-201	121	0.0931772813200951	AAACA
45077	chr2	112647077	112647078	a	0.7936507936507899	+	112647077	112647078		SLC20A1-201	126	0.0211388822644949	AAACC
45078	chr2	112647376	112647377	a	3.6697247706422	+	112647376	112647377		SLC20A1-201	109	0.0700322389602661	GAACC
45079	chr2	112647450	112647451	a	29.03225806451613	+	112647450	112647451		SLC20A1-201	124	0.3918007612228394	GAACT
45080	chr2	112652765	112652766	a	2.23880597014925	+	112652765	112652766		SLC20A1-201	134	0.0942054763436317	AAACC
45081	chr2	112657133	112657134	a	2.98507462686567	+	112657133	112657134		SLC20A1-201	134	0.1014376506209373	TGACA
45082	chr2	112657137	112657138	a	6.382978723404251	+	112657137	112657138		SLC20A1-201	141	0.1305776387453079	AAACT
45083	chr2	112658887	112658888	a	0.0	+	112658887	112658888		SLC20A1-201	147	0.0255090687423944	AGACC
45084	chr2	112658898	112658899	a	0.0	+	112658898	112658899		SLC20A1-201	141	0.0285655744373798	AAACA
45085	chr2	112658926	112658927	a	2.04081632653061	+	112658926	112658927		SLC20A1-201	147	0.0981096029281616	AAACA
45086	chr2	112658991	112658992	a	44.37086092715232	+	112658991	112658992		SLC20A1-201	151	0.6513474583625793	GAACA
45087	chr2	112659005	112659006	a	10.73825503355705	+	112659005	112659006		SLC20A1-201	149	0.232337474822998	AAACT
45088	chr2	112659055	112659056	a	55.90062111801242	+	112659055	112659056		SLC20A1-201	161	0.7365001440048218	GGACT
45089	chr2	112659069	112659070	a	2.02702702702703	+	112659069	112659070		SLC20A1-201	148	0.0437591709196568	AAACC
45090	chr2	112659227	112659228	a	5.5214723926380405	+	112659227	112659228		SLC20A1-201	163	0.1954408138990402	GAACC
45091	chr2	112659266	112659267	a	30.17751479289941	+	112659266	112659267		SLC20A1-201	169	0.4554470479488373	AAACT
45092	chr2	112659371	112659372	a	18.86792452830189	+	112659371	112659372		SLC20A1-201	159	0.5701846480369568	AGACT
45093	chr2	112659380	112659381	a	5.625	+	112659380	112659381		SLC20A1-201	160	0.1548725515604019	TGACA
45094	chr2	112659384	112659385	a	2.29885057471264	+	112659384	112659385		SLC20A1-201	174	0.0458053722977638	AAACC
45095	chr2	112659471	112659472	a	19.23076923076923	+	112659471	112659472		SLC20A1-201	182	0.3569160103797913	GAACA
45096	chr2	112659499	112659500	a	3.26086956521739	+	112659499	112659500		SLC20A1-201	184	0.0974867790937424	TGACA
45097	chr2	112659515	112659516	a	40.46242774566474	+	112659515	112659516		SLC20A1-201	173	0.7728107571601868	AGACT
45098	chr2	112659539	112659540	a	88.65248226950354	+	112659539	112659540		SLC20A1-201	141	0.96160489320755	GGACA
45099	chr2	112659572	112659573	a	0.0	+	112659572	112659573		SLC20A1-201	194	0.067242220044136	TGACC
45100	chr2	112659596	112659597	a	11.39896373056995	+	112659596	112659597		SLC20A1-201	193	0.3479365706443787	AGACA
45101	chr2	112659629	112659630	a	5.40540540540541	+	112659629	112659630		SLC20A1-201	148	0.1427043378353119	TGACA
45102	chr2	112659668	112659669	a	1.74418604651163	+	112659668	112659669		SLC20A1-201	172	0.0963397026062012	TGACC
45103	chr2	112660427	112660428	a	4.52261306532663	+	112660427	112660428		SLC20A1-201	199	0.1297561824321747	TGACA
45104	chr2	112660534	112660535	a	0.0	+	112660534	112660535		SLC20A1-201	210	0.0440572910010815	AGACC
45105	chr2	112660552	112660553	a	3.8647342995169103	+	112660552	112660553		SLC20A1-201	207	0.1017775535583496	TGACA
45106	chr2	112661156	112661157	a	13.52657004830918	+	112661156	112661157		SLC20A1-201	207	0.4134322106838226	GAACT
45107	chr2	112662912	112662913	a	33.160621761658035	+	112662912	112662913		SLC20A1-201	193	0.7321413159370422	TGACT
45108	chr2	112662930	112662931	a	0.0	+	112662930	112662931		SLC20A1-201	219	0.0361731387674809	TAACA
45109	chr2	112663061	112663062	a	53.04878048780488	+	112663061	112663062		SLC20A1-201	164	0.9561012387275696	GGACC
45110	chr2	112663107	112663108	a	0.0	+	112663107	112663108		SLC20A1-201	161	0.0228356532752514	TAACA
45111	chr2	112663114	112663115	a	34.23913043478261	+	112663114	112663115		SLC20A1-201	184	0.5819780230522156	AGACT
45112	chr2	112663118	112663119	a	3.64583333333333	+	112663118	112663119		SLC20A1-201	192	0.1041079610586166	TGACA
45113	chr2	112663171	112663172	a	7.83410138248848	+	112663171	112663172		SLC20A1-201	217	0.241287037730217	TAACT
45114	chr2	112663346	112663347	a	22.95918367346939	+	112663346	112663347		SLC20A1-201	196	0.3393223285675049	TGACT
45115	chr2	112663374	112663375	a	1.6129032258064495	+	112663374	112663375		SLC20A1-201	186	0.0551318004727364	AAACC
45116	chr2	112663392	112663393	a	8.44155844155844	+	112663392	112663393		SLC20A1-201	154	0.1957710534334183	TGACA
45117	chr2	112663453	112663454	a	0.45454545454545	+	112663453	112663454		SLC20A1-201	220	0.0363082736730576	TAACA
45118	chr2	112663467	112663468	a	6.57276995305164	+	112663467	112663468		SLC20A1-201	213	0.1040454506874084	TAACT
45119	chr2	112663587	112663588	a	8.86699507389163	+	112663587	112663588		SLC20A1-201	203	0.2286808788776398	GAACA
45120	chr2	112663611	112663612	a	12.37623762376238	+	112663611	112663612		SLC20A1-201	202	0.2376682311296463	TAACT
45121	chr2	112663634	112663635	a	11.28205128205128	+	112663634	112663635		SLC20A1-201	195	0.3892823159694672	TGACT
45122	chr2	112663740	112663741	a	40.55299539170507	+	112663740	112663741		SLC20A1-201	217	0.8300125002861023	GAACT
45123	chr2	112663761	112663762	a	58.67768595041323	+	112663761	112663762		SLC20A1-201	121	0.875389575958252	GGACA
45124	chr2	112663793	112663794	a	15.31100478468899	+	112663793	112663794		SLC20A1-201	209	0.3285392820835114	TAACT
45125	chr2	112762522	112762523	a	9.09090909090909	-	112762522	112762523		CKAP2L-201	22	0.1501560211181641	AAACT
45126	chr2	112762508	112762509	a	0.0	-	112762508	112762509		CKAP2L-201	23	0.0328110940754414	AAACA
45127	chr2	112757205	112757206	a	0.0	-	112757205	112757206		CKAP2L-201	22	0.0073287663981318	AGACC
45128	chr2	112757163	112757164	a	0.0	-	112757163	112757164		CKAP2L-201	28	0.0319445729255676	AAACC
45129	chr2	112757139	112757140	a	10.0	-	112757139	112757140		CKAP2L-201	30	0.278073251247406	AAACT
45130	chr2	112757127	112757128	a	0.0	-	112757127	112757128		CKAP2L-201	29	0.0444812402129173	AGACC
45131	chr2	112757079	112757080	a	6.06060606060606	-	112757079	112757080		CKAP2L-201	33	0.1290223747491837	AAACT
45132	chr2	112757060	112757061	a	12.90322580645161	-	112757060	112757061		CKAP2L-201	31	0.2613976001739502	TGACT
45133	chr2	112757038	112757039	a	0.0	-	112757038	112757039		CKAP2L-201	33	0.0060850204899907	TAACC
45134	chr2	112756971	112756972	a	28.125	-	112756971	112756972		CKAP2L-201	32	0.5762514472007751	GAACT
45135	chr2	112756959	112756960	a	0.0	-	112756959	112756960		CKAP2L-201	33	0.031487625092268	AAACC
45136	chr2	112756925	112756926	a	6.06060606060606	-	112756925	112756926		CKAP2L-201	33	0.1437655389308929	AAACT
45137	chr2	112756907	112756908	a	0.0	-	112756907	112756908		CKAP2L-201	30	0.0151471290737391	TAACA
45138	chr2	112756879	112756880	a	93.93939393939394	-	112756879	112756880		CKAP2L-201	33	0.9591485857963562	AGACT
45139	chr2	112756837	112756838	a	2.94117647058824	-	112756837	112756838		CKAP2L-201	34	0.1310712397098541	TAACT
45140	chr2	112756823	112756824	a	0.0	-	112756823	112756824		CKAP2L-201	34	0.0286109261214733	AAACA
45141	chr2	112756819	112756820	a	2.94117647058824	-	112756819	112756820		CKAP2L-201	34	0.0931990519165993	AAACA
45142	chr2	112756810	112756811	a	30.303030303030297	-	112756810	112756811		CKAP2L-201	33	0.7402586936950684	GAACT
45143	chr2	112756793	112756794	a	4.347826086956521	-	112756793	112756794		CKAP2L-201	23	0.0530941374599934	TAACA
45144	chr2	112756788	112756789	a	3.03030303030303	-	112756788	112756789		CKAP2L-201	33	0.1892117261886597	GAACC
45145	chr2	112756739	112756740	a	81.81818181818183	-	112756739	112756740		CKAP2L-201	33	0.8848534822463989	AGACT
45146	chr2	112756735	112756736	a	54.285714285714285	-	112756735	112756736		CKAP2L-201	35	0.8046914935112	TGACT
45147	chr2	112756721	112756722	a	2.94117647058824	-	112756721	112756722		CKAP2L-201	34	0.0805660933256149	AAACC
45148	chr2	112756714	112756715	a	73.33333333333333	-	112756714	112756715		CKAP2L-201	30	0.796725332736969	GAACA
45149	chr2	112756698	112756699	a	2.77777777777778	-	112756698	112756699		CKAP2L-201	36	0.093591533601284	AAACA
45150	chr2	112756641	112756642	a	2.77777777777778	-	112756641	112756642		CKAP2L-201	36	0.0818027555942535	AAACA
45151	chr2	112756625	112756626	a	3.44827586206897	-	112756625	112756626		CKAP2L-201	29	0.1094905361533165	AAACA
45152	chr2	112756613	112756614	a	100.0	-	112756613	112756614		CKAP2L-201	29	0.9992508888244628	GGACT
45153	chr2	112756563	112756564	a	0.0	-	112756563	112756564		CKAP2L-201	35	0.0226564444601536	AGACC
45154	chr2	112756551	112756552	a	0.0	-	112756551	112756552		CKAP2L-201	32	0.0018939733272418	AAACC
45155	chr2	112756517	112756518	a	35.483870967741936	-	112756517	112756518		CKAP2L-201	31	0.7724103331565857	GGACC
45156	chr2	112756488	112756489	a	0.0	-	112756488	112756489		CKAP2L-201	33	0.0433180555701256	AAACC
45157	chr2	112756474	112756475	a	11.428571428571429	-	112756474	112756475		CKAP2L-201	35	0.2955318093299866	GAACA
45158	chr2	112756434	112756435	a	0.0	-	112756434	112756435		CKAP2L-201	35	0.023821871727705	AGACC
45159	chr2	112756424	112756425	a	5.88235294117647	-	112756424	112756425		CKAP2L-201	34	0.2466555535793304	AAACT
45160	chr2	112756395	112756396	a	29.629629629629623	-	112756395	112756396		CKAP2L-201	27	0.4146341383457184	GAACA
45161	chr2	112756374	112756375	a	0.0	-	112756374	112756375		CKAP2L-201	34	0.0145436674356461	AAACC
45162	chr2	112756367	112756368	a	38.70967741935484	-	112756367	112756368		CKAP2L-201	31	0.6167807579040527	GAACA
45163	chr2	112756336	112756337	a	0.0	-	112756336	112756337		CKAP2L-201	37	0.0419294387102127	TAACA
45164	chr2	112756329	112756330	a	8.33333333333333	-	112756329	112756330		CKAP2L-201	36	0.231436163187027	AGACA
45165	chr2	112756321	112756322	a	5.40540540540541	-	112756321	112756322		CKAP2L-201	37	0.1241568475961685	AAACA
45166	chr2	112756277	112756278	a	2.77777777777778	-	112756277	112756278		CKAP2L-201	36	0.0525193996727467	AGACA
45167	chr2	112756226	112756227	a	10.71428571428571	-	112756226	112756227		CKAP2L-201	28	0.3754971623420715	TGACA
45168	chr2	112756179	112756180	a	0.0	-	112756179	112756180		CKAP2L-201	36	0.0190206617116928	AGACC
45169	chr2	112756169	112756170	a	8.57142857142857	-	112756169	112756170		CKAP2L-201	35	0.234793096780777	GAACC
45170	chr2	112756155	112756156	a	5.12820512820513	-	112756155	112756156		CKAP2L-201	39	0.0631339401006699	AAACA
45171	chr2	112756150	112756151	a	10.25641025641026	-	112756150	112756151		CKAP2L-201	39	0.2902266681194305	TAACA
45172	chr2	112756121	112756122	a	67.64705882352942	-	112756121	112756122		CKAP2L-201	34	0.9210249781608582	AGACT
45173	chr2	112756114	112756115	a	84.84848484848484	-	112756114	112756115		CKAP2L-201	33	0.9362181425094604	GGACT
45174	chr2	112756084	112756085	a	0.0	-	112756084	112756085		CKAP2L-201	38	0.0807522982358932	GAACC
45175	chr2	112756072	112756073	a	7.89473684210526	-	112756072	112756073		CKAP2L-201	38	0.2386652231216431	GAACA
45176	chr2	112756067	112756068	a	6.89655172413793	-	112756067	112756068		CKAP2L-201	29	0.1262381672859192	AGACA
45177	chr2	112756055	112756056	a	2.85714285714286	-	112756055	112756056		CKAP2L-201	35	0.0733221769332886	AAACT
45178	chr2	112756025	112756026	a	17.24137931034483	-	112756025	112756026		CKAP2L-201	29	0.5529128909111023	GGACC
45179	chr2	112756019	112756020	a	2.63157894736842	-	112756019	112756020		CKAP2L-201	38	0.0842262282967567	AAACA
45180	chr2	112756015	112756016	a	0.0	-	112756015	112756016		CKAP2L-201	35	0.03295973315835	AAACC
45181	chr2	112752470	112752471	a	0.0	-	112752470	112752471		CKAP2L-201	38	0.0211301855742931	AAACA
45182	chr2	112752436	112752437	a	0.0	-	112752436	112752437		CKAP2L-201	34	0.0257256589829922	AAACC
45183	chr2	112752413	112752414	a	19.44444444444444	-	112752413	112752414		CKAP2L-201	36	0.4578238427639008	GAACT
45184	chr2	112752406	112752407	a	0.0	-	112752406	112752407		CKAP2L-201	38	0.0966970175504684	AAACA
45185	chr2	112752320	112752321	a	42.105263157894726	-	112752320	112752321		CKAP2L-201	38	0.7164962887763977	GAACT
45186	chr2	112752303	112752304	a	0.0	-	112752303	112752304		CKAP2L-201	38	0.0336532145738602	TAACA
45187	chr2	112752292	112752293	a	13.63636363636364	-	112752292	112752293		CKAP2L-201	22	0.2315692007541656	TGACA
45188	chr2	112752279	112752280	a	0.0	-	112752279	112752280		CKAP2L-201	37	0.0549313202500343	GAACC
45189	chr2	112746549	112746550	a	0.0	-	112746549	112746550		CKAP2L-201	39	0.0533994846045971	TAACA
45190	chr2	112742725	112742726	a	17.94871794871795	-	112742725	112742726		CKAP2L-201	39	0.2541049718856812	AGACT
45191	chr2	112742719	112742720	a	0.0	-	112742719	112742720		CKAP2L-201	29	0.0077435611747205	AAACA
45192	chr2	112742714	112742715	a	2.7027027027027	-	112742714	112742715		CKAP2L-201	37	0.1068348065018654	GAACC
45193	chr2	112740994	112740995	a	21.62162162162162	-	112740994	112740995		CKAP2L-201	37	0.4258485436439514	TGACT
45194	chr2	112740977	112740978	a	2.77777777777778	-	112740977	112740978		CKAP2L-201	36	0.1118866056203842	AAACT
45195	chr2	112740968	112740969	a	0.0	-	112740968	112740969		CKAP2L-201	39	0.0409249290823936	TAACA
45196	chr2	112740900	112740901	a	11.11111111111111	-	112740900	112740901		CKAP2L-201	36	0.264462947845459	GAACA
45197	chr2	112740864	112740865	a	16.21621621621622	-	112740864	112740865		CKAP2L-201	37	0.3160368204116821	GAACA
45198	chr2	112739021	112739022	a	0.0	-	112739021	112739022		CKAP2L-201	41	0.0179476179182529	AGACA
45199	chr2	112738942	112738943	a	9.52380952380952	-	112738942	112738943		CKAP2L-201	42	0.2439813315868378	GAACA
45200	chr2	112738912	112738913	a	56.75675675675676	-	112738912	112738913		CKAP2L-201	37	0.8517501950263977	GAACT
45201	chr2	112738893	112738894	a	0.0	-	112738893	112738894		CKAP2L-201	42	0.0674232244491577	AAACA
45202	chr2	112738851	112738852	a	2.38095238095238	-	112738851	112738852		CKAP2L-201	42	0.0943263471126556	TAACA
45203	chr2	112738836	112738837	a	0.0	-	112738836	112738837		CKAP2L-201	43	0.0027675062883645	AAACC
45204	chr2	112738786	112738787	a	4.76190476190476	-	112738786	112738787		CKAP2L-201	42	0.1158576831221581	GAACC
45205	chr2	112738775	112738776	a	0.0	-	112738775	112738776		CKAP2L-201	32	0.0215851031243801	AGACA
45206	chr2	112738751	112738752	a	2.4390243902439	-	112738751	112738752		CKAP2L-201	41	0.2013921737670898	TGACC
45207	chr2	112738702	112738703	a	53.333333333333336	-	112738702	112738703		CKAP2L-201	45	0.9374717473983764	GGACT
45208	chr2	112738629	112738630	a	0.0	-	112738629	112738630		CKAP2L-201	44	0.0182103626430035	AGACC
45209	chr2	112738592	112738593	a	2.27272727272727	-	112738592	112738593		CKAP2L-201	44	0.0907829105854034	AAACT
45210	chr2	112738483	112738484	a	81.3953488372093	-	112738483	112738484		CKAP2L-201	43	0.9271965026855468	GGACT
45211	chr2	112738424	112738425	a	29.545454545454557	-	112738424	112738425		CKAP2L-201	44	0.5791097283363342	GAACT
45212	chr2	112738407	112738408	a	0.0	-	112738407	112738408		CKAP2L-201	33	0.0201446656137705	TGACA
45213	chr2	112738394	112738395	a	48.78048780487805	-	112738394	112738395		CKAP2L-201	41	0.8807367086410522	GGACC
45214	chr2	112738388	112738389	a	7.14285714285714	-	112738388	112738389		CKAP2L-201	28	0.10267074406147	TGACA
45215	chr2	112738370	112738371	a	0.0	-	112738370	112738371		CKAP2L-201	39	0.0077751399949193	AAACC
45216	chr2	112738296	112738297	a	17.07317073170732	-	112738296	112738297		CKAP2L-201	41	0.466949075460434	TGACT
45217	chr2	112738225	112738226	a	2.32558139534884	-	112738225	112738226		CKAP2L-201	43	0.0907702147960663	AAACA
45218	chr2	112738182	112738183	a	0.0	-	112738182	112738183		CKAP2L-201	42	0.0340693108737469	AAACC
45219	chr2	112738155	112738156	a	2.32558139534884	-	112738155	112738156		CKAP2L-201	43	0.062789224088192	AAACA
45220	chr2	112738143	112738144	a	0.0	-	112738143	112738144		CKAP2L-201	43	0.0368715599179268	TAACA
45221	chr2	112738108	112738109	a	11.11111111111111	-	112738108	112738109		CKAP2L-201	45	0.3271767497062683	GGACA
45222	chr2	112738038	112738039	a	31.818181818181817	-	112738038	112738039		CKAP2L-201	44	0.5300303101539612	AGACT
45223	chr2	112737948	112737949	a	0.0	-	112737948	112737949		CKAP2L-201	38	0.0180024895817041	AAACC
45224	chr2	112737892	112737893	a	0.0	-	112737892	112737893		CKAP2L-201	46	0.0686468333005905	AAACA
45225	chr2	112737839	112737840	a	0.0	-	112737839	112737840		CKAP2L-201	20	0.0129298716783524	AAACC
45226	chr2	112737769	112737770	a	0.0	-	112737769	112737770		CKAP2L-201	23	0.0288022365421057	AAACA
45227	chr2	112737739	112737740	a	90.47619047619048	-	112737739	112737740		CKAP2L-201	21	0.9371997714042664	GGACT
45228	chr2	112737641	112737642	a	8.0	-	112737641	112737642		CKAP2L-201	25	0.1629762500524521	AAACT
45229	chr2	112737629	112737630	a	8.0	-	112737629	112737630		CKAP2L-201	25	0.1533134281635284	AAACC
45230	chr2	112737612	112737613	a	43.47826086956522	-	112737612	112737613		CKAP2L-201	23	0.8227148056030273	AGACT
45231	chr2	112737598	112737599	a	72.0	-	112737598	112737599		CKAP2L-201	25	0.9165477752685548	AGACT
45232	chr2	112737573	112737574	a	7.69230769230769	-	112737573	112737574		CKAP2L-201	26	0.1713865101337433	AAACT
45233	chr2	112737548	112737549	a	22.22222222222222	-	112737548	112737549		CKAP2L-201	27	0.7569900751113892	GGACC
45234	chr2	112737538	112737539	a	8.695652173913041	-	112737538	112737539		CKAP2L-201	23	0.1722431182861328	AGACA
45235	chr2	112737521	112737522	a	4.545454545454549	-	112737521	112737522		CKAP2L-201	22	0.3163872361183167	AGACA
45236	chr2	112737445	112737446	a	0.0	-	112737445	112737446		CKAP2L-201	22	0.0516180172562599	AAACC
45237	chr2	112737402	112737403	a	0.0	-	112737402	112737403		CKAP2L-201	25	0.0312591940164566	TAACA
45238	chr2	112737358	112737359	a	13.04347826086956	-	112737358	112737359		CKAP2L-201	23	0.3218016028404236	GAACC
45239	chr2	112737329	112737330	a	11.53846153846154	-	112737329	112737330		CKAP2L-201	26	0.2127870619297028	AGACT
45240	chr2	112737272	112737273	a	40.909090909090914	-	112737272	112737273		CKAP2L-201	22	0.6775690317153931	GAACT
45241	chr2	112737261	112737262	a	0.0	-	112737261	112737262		CKAP2L-201	26	0.0911247879266739	TGACC
45242	chr2	112737203	112737204	a	34.48275862068966	-	112737203	112737204		CKAP2L-201	29	0.8339651823043823	TGACT
45243	chr2	112737142	112737143	a	0.0	-	112737142	112737143		CKAP2L-201	26	0.0199514366686344	AGACC
45244	chr2	112737133	112737134	a	0.0	-	112737133	112737134		CKAP2L-201	25	0.0065880240872502	TGACC
45245	chr2	112737119	112737120	a	0.0	-	112737119	112737120		CKAP2L-201	24	0.0123393777757883	AAACC
45246	chr2	112737022	112737023	a	24.13793103448276	-	112737022	112737023		CKAP2L-201	29	0.6314730644226074	GAACT
45247	chr2	112736853	112736854	a	0.0	-	112736853	112736854		CKAP2L-201	33	0.0103225018829107	AAACA
45248	chr2	112736830	112736831	a	90.47619047619048	-	112736830	112736831		CKAP2L-201	21	0.9614315032958984	GGACA
45249	chr2	112736738	112736739	a	58.06451612903226	-	112736738	112736739		CKAP2L-201	31	0.9599910974502563	GGACC
45250	chr2	112736729	112736730	a	34.210526315789465	-	112736729	112736730		CKAP2L-201	38	0.5685864686965942	GAACA
45251	chr2	112736703	112736704	a	0.0	-	112736703	112736704		CKAP2L-201	36	0.051785122603178	AGACC
45252	chr2	112736554	112736555	a	19.51219512195122	-	112736554	112736555		CKAP2L-201	41	0.284562349319458	GAACA
45253	chr2	112736465	112736466	a	13.88888888888889	-	112736465	112736466		CKAP2L-201	36	0.4308815896511078	AAACT
45254	chr2	112736400	112736401	a	0.0	-	112736400	112736401		CKAP2L-201	42	0.0952200293540955	TAACA
45255	chr2	112783753	112783754	a	10.71428571428571	-	112783753	112783754		IL1A-201	28	0.1516881138086319	AGACA
45256	chr2	112783741	112783742	a	0.0	-	112783741	112783742		IL1A-201	24	0.0459233447909355	AGACC
45257	chr2	112783732	112783733	a	3.57142857142857	-	112783732	112783733		IL1A-201	28	0.1146053299307823	GAACT
45258	chr2	112782749	112782750	a	10.0	-	112782749	112782750		IL1A-201	20	0.1378179788589478	AGACA
45259	chr2	112781747	112781748	a	3.7037037037037	-	112781747	112781748		IL1A-201	27	0.0913916379213333	AAACC
45260	chr2	112781738	112781739	a	0.0	-	112781738	112781739		IL1A-201	30	0.0492842271924019	AAACA
45261	chr2	112781635	112781636	a	0.0	-	112781635	112781636		IL1A-201	21	0.0698714628815651	TGACC
45262	chr2	112781614	112781615	a	6.89655172413793	-	112781614	112781615		IL1A-201	29	0.3493201732635498	TGACT
45263	chr2	112778101	112778102	a	9.09090909090909	-	112778101	112778102		IL1A-201	33	0.1884951293468475	TGACA
45264	chr2	112778036	112778037	a	3.03030303030303	-	112778036	112778037		IL1A-201	33	0.0562439188361168	AAACT
45265	chr2	112778021	112778022	a	25.92592592592592	-	112778021	112778022		IL1A-201	27	0.495507150888443	TGACT
45266	chr2	112778005	112778006	a	0.0	-	112778005	112778006		IL1A-201	26	0.0276019982993603	AGACC
45267	chr2	112775245	112775246	a	0.0	-	112775245	112775246		IL1A-201	34	0.0203055776655674	AAACC
45268	chr2	112775227	112775228	a	0.0	-	112775227	112775228		IL1A-201	33	0.0032255619298667	AGACC
45269	chr2	112775203	112775204	a	9.375	-	112775203	112775204		IL1A-201	32	0.150050014257431	AAACT
45270	chr2	112775187	112775188	a	44.11764705882353	-	112775187	112775188		IL1A-201	34	0.6006951332092285	GAACT
45271	chr2	112775160	112775161	a	0.0	-	112775160	112775161		IL1A-201	33	0.0079724490642548	AAACT
45272	chr2	112775136	112775137	a	11.76470588235294	-	112775136	112775137		IL1A-201	34	0.5262971520423889	AGACT
45273	chr2	112775094	112775095	a	82.35294117647058	-	112775094	112775095		IL1A-201	34	0.9876281023025512	TGACT
45274	chr2	112775076	112775077	a	0.0	-	112775076	112775077		IL1A-201	34	0.0076066642068326	AAACC
45275	chr2	112775029	112775030	a	3.7037037037037	-	112775029	112775030		IL1A-201	27	0.0863547325134277	TGACA
45276	chr2	112774912	112774913	a	0.0	-	112774912	112774913		IL1A-201	31	0.0837927311658859	GAACC
45277	chr2	112774902	112774903	a	0.0	-	112774902	112774903		IL1A-201	36	0.1185528412461281	TAACA
45278	chr2	112774878	112774879	a	4.16666666666667	-	112774878	112774879		IL1A-201	24	0.1247221380472183	GAACA
45279	chr2	112774828	112774829	a	5.71428571428571	-	112774828	112774829		IL1A-201	35	0.1484186053276062	TAACA
45280	chr2	112774814	112774815	a	8.33333333333333	-	112774814	112774815		IL1A-201	24	0.2262266874313354	GGACC
45281	chr2	112774801	112774802	a	8.10810810810811	-	112774801	112774802		IL1A-201	37	0.2209203541278839	TGACT
45282	chr2	112774783	112774784	a	14.70588235294118	-	112774783	112774784		IL1A-201	34	0.4197954535484314	AGACT
45283	chr2	112774741	112774742	a	2.85714285714286	-	112774741	112774742		IL1A-201	35	0.0783438608050346	AAACT
45284	chr2	112774712	112774713	a	0.0	-	112774712	112774713		IL1A-201	37	0.0254768636077642	AAACA
45285	chr2	112774698	112774699	a	2.77777777777778	-	112774698	112774699		IL1A-201	36	0.0829984545707703	AGACC
45286	chr2	112774639	112774640	a	21.21212121212121	-	112774639	112774640		IL1A-201	33	0.5075955390930176	GAACT
45287	chr2	112774609	112774610	a	0.0	-	112774609	112774610		IL1A-201	37	0.0925194621086121	GGACC
45288	chr2	112774392	112774393	a	0.0	-	112774392	112774393		IL1A-201	39	0.0329267606139183	GAACC
45289	chr2	112774370	112774371	a	2.56410256410256	-	112774370	112774371		IL1A-201	39	0.1051937565207481	TGACC
45290	chr2	112774346	112774347	a	15.625	-	112774346	112774347		IL1A-201	32	0.3073402345180511	AGACA
45291	chr2	112774263	112774264	a	8.888888888888891	-	112774263	112774264		IL1A-201	45	0.17476686835289	AAACT
45292	chr2	112774239	112774240	a	0.0	-	112774239	112774240		IL1A-201	38	0.0048756925389171	AGACC
45293	chr2	112774177	112774178	a	15.38461538461539	-	112774177	112774178		IL1A-201	39	0.2421235740184784	TGACT
45294	chr2	112774161	112774162	a	7.5	-	112774161	112774162		IL1A-201	40	0.1982317119836807	AAACT
45295	chr2	112774096	112774097	a	13.04347826086956	-	112774096	112774097		IL1A-201	46	0.2706765234470367	GAACT
45296	chr2	112774085	112774086	a	4.444444444444439	-	112774085	112774086		IL1A-201	45	0.1050752848386765	TGACA
45297	chr2	112774074	112774075	a	0.0	-	112774074	112774075		IL1A-201	42	0.0024261325597763	AGACC
45298	chr2	112774059	112774060	a	4.65116279069767	-	112774059	112774060		IL1A-201	43	0.1218736916780472	AAACT
45299	chr2	112774002	112774003	a	0.0	-	112774002	112774003		IL1A-201	45	0.0342746451497078	AGACC
45300	chr2	112773946	112773947	a	10.25641025641026	-	112773946	112773947		IL1A-201	39	0.3507575690746307	TAACT
45301	chr2	112835602	112835603	a	33.89830508474576	-	112835602	112835603		IL1B-201	59	0.5717991590499878	TGACT
45302	chr2	112835574	112835575	a	0.0	-	112835574	112835575		IL1B-201	53	0.0410616546869278	AAACA
45303	chr2	112833561	112833562	a	1.66666666666667	-	112833561	112833562		IL1B-201	60	0.1752487123012543	GGACC
45304	chr2	112833555	112833556	a	7.35294117647059	-	112833555	112833556		IL1B-201	68	0.2736400067806244	GGACC
45305	chr2	112833459	112833460	a	18.33333333333333	-	112833459	112833460		IL1B-201	60	0.4124191701412201	GGACA
45306	chr2	112833424	112833425	a	1.47058823529412	-	112833424	112833425		IL1B-201	68	0.1026699542999268	AGACC
45307	chr2	112833408	112833409	a	0.0	-	112833408	112833409		IL1B-201	64	0.0445464067161083	TGACC
45308	chr2	112832824	112832825	a	1.49253731343284	-	112832824	112832825		IL1B-201	67	0.0694353803992271	GAACC
45309	chr2	112832759	112832760	a	17.39130434782609	-	112832759	112832760		IL1B-201	69	0.400414764881134	GAACT
45310	chr2	112832744	112832745	a	82.1917808219178	-	112832744	112832745		IL1B-201	73	0.9272653460502625	GGACT
45311	chr2	112832704	112832705	a	21.91780821917808	-	112832704	112832705		IL1B-201	73	0.4899914860725403	GAACT
45312	chr2	112832680	112832681	a	8.7719298245614	-	112832680	112832681		IL1B-201	57	0.337209552526474	GGACA
45313	chr2	112831379	112831380	a	4.28571428571429	-	112831379	112831380		IL1B-201	70	0.1536562293767929	TGACA
45314	chr2	112830499	112830500	a	0.0	-	112830499	112830500		IL1B-201	80	0.0510619282722473	TAACA
45315	chr2	112830436	112830437	a	2.53164556962025	-	112830436	112830437		IL1B-201	79	0.0849495977163315	AAACA
45316	chr2	112830413	112830414	a	3.75	-	112830413	112830414		IL1B-201	80	0.1459645330905914	GGACC
45317	chr2	112830392	112830393	a	11.9047619047619	-	112830392	112830393		IL1B-201	84	0.2736150622367859	TAACT
45318	chr2	112830388	112830389	a	55.69620253164557	-	112830388	112830389		IL1B-201	79	0.8282369375228882	TGACT
45319	chr2	112830322	112830323	a	79.48717948717949	-	112830322	112830323		IL1B-201	78	0.9309098124504088	GGACT
45320	chr2	112830293	112830294	a	27.027027027027028	-	112830293	112830294		IL1B-201	74	0.3956749439239502	GAACA
45321	chr2	112830260	112830261	a	92.7710843373494	-	112830260	112830261		IL1B-201	83	0.9553826451301576	GGACT
45322	chr2	112830182	112830183	a	46.875	-	112830182	112830183		IL1B-201	64	0.7337347269058228	GGACA
45323	chr2	112830092	112830093	a	15.789473684210533	-	112830092	112830093		IL1B-201	57	0.3135159015655518	TGACA
45324	chr2	112830086	112830087	a	1.14942528735632	-	112830086	112830087		IL1B-201	87	0.0461539886891842	AAACC
45325	chr2	112830060	112830061	a	2.40963855421687	-	112830060	112830061		IL1B-201	83	0.0557439215481281	AAACC
45326	chr2	112829892	112829893	a	71.25	-	112829892	112829893		IL1B-201	80	0.8364213705062866	GGACT
45327	chr2	112829854	112829855	a	9.67741935483871	-	112829854	112829855		IL1B-201	62	0.323755294084549	AGACT
45328	chr2	112829770	112829771	a	3.57142857142857	-	112829770	112829771		IL1B-201	56	0.1697522401809692	AAACT
45329	chr2	113441361	113441362	a	0.0	+	113441361	113441362		ZNG1B-201	21	0.0299545470625162	AGACA
45330	chr2	113441374	113441375	a	13.04347826086956	+	113441374	113441375		ZNG1B-201	23	0.3235595226287842	GAACT
45331	chr2	113443830	113443831	a	4.545454545454549	+	113443830	113443831		ZNG1B-201	22	0.2414323091506958	GAACT
45332	chr2	113445033	113445034	a	0.0	+	113445033	113445034		ZNG1B-201	20	0.0062778173014522	AGACC
45333	chr2	113445049	113445050	a	0.0	+	113445049	113445050		ZNG1B-201	25	0.033753827214241	AGACC
45334	chr2	113454748	113454749	a	4.0	+	113454748	113454749		ZNG1B-201	25	0.1554110795259476	TAACT
45335	chr2	113454777	113454778	a	4.347826086956521	+	113454777	113454778		ZNG1B-201	23	0.1272471845149994	AAACA
45336	chr2	113460689	113460690	a	0.0	+	113460689	113460690		ZNG1B-201	22	0.0240888111293316	AAACC
45337	chr2	113462448	113462449	a	25.0	+	113462448	113462449		ZNG1B-201	24	0.4636646211147308	AGACT
45338	chr2	113465140	113465141	a	21.73913043478261	+	113465140	113465141		ZNG1B-201	23	0.4951506555080414	GGACT
45339	chr2	113465146	113465147	a	0.0	+	113465146	113465147		ZNG1B-201	20	0.0992124751210213	GGACA
45340	chr2	113465159	113465160	a	0.0	+	113465159	113465160		ZNG1B-201	25	0.0623858347535133	AAACA
45341	chr2	113482188	113482189	a	0.0	+	113482188	113482189		ZNG1B-201	22	0.0105653582140803	AAACT
45342	chr2	113482207	113482208	a	27.27272727272727	+	113482207	113482208		ZNG1B-201	22	0.4030306935310364	GAACA
45343	chr2	113493803	113493804	a	12.5	+	113493803	113493804		ZNG1B-201	24	0.210809513926506	GAACA
45344	chr2	113493956	113493957	a	0.0	+	113493956	113493957		ZNG1B-201	21	0.0478562153875828	AAACA
45345	chr2	113493962	113493963	a	4.16666666666667	+	113493962	113493963		ZNG1B-201	24	0.1334810554981232	GGACA
45346	chr2	113495138	113495139	a	0.0	+	113495138	113495139		ZNG1B-201	21	0.0191511027514935	AGACA
45347	chr2	113495194	113495195	a	0.0	+	113495194	113495195		ZNG1B-201	21	0.0567805767059326	AGACT
45348	chr2	113495216	113495217	a	0.0	+	113495216	113495217		ZNG1B-201	23	0.0512919537723064	TGACA
45349	chr2	113495227	113495228	a	7.69230769230769	+	113495227	113495228		ZNG1B-201	26	0.2805444896221161	GAACA
45350	chr2	113495664	113495665	a	0.0	+	113495664	113495665		ZNG1B-201	22	0.0816872492432594	AAACA
45351	chr2	113495686	113495687	a	4.76190476190476	+	113495686	113495687		ZNG1B-201	21	0.0768236666917801	TGACA
45352	chr2	113495707	113495708	a	28.000000000000004	+	113495707	113495708		ZNG1B-201	25	0.4358730316162109	GGACA
45353	chr2	113495742	113495743	a	4.347826086956521	+	113495742	113495743		ZNG1B-201	23	0.0534596927464008	TAACA
45354	chr2	113495904	113495905	a	8.33333333333333	+	113495904	113495905		ZNG1B-201	24	0.2484304904937744	AAACA
45355	chr2	113495911	113495912	a	0.0	+	113495911	113495912		ZNG1B-201	24	0.0443715378642082	TAACA
45356	chr2	113496006	113496007	a	17.39130434782609	+	113496006	113496007		ZNG1B-201	23	0.3294420838356018	GAACA
45357	chr2	113496063	113496064	a	8.695652173913041	+	113496063	113496064		ZNG1B-201	23	0.2392666339874268	GAACT
45358	chr2	113496115	113496116	a	0.0	+	113496115	113496116		ZNG1B-201	21	0.0090143205597997	TAACA
45359	chr2	113496141	113496142	a	0.0	+	113496141	113496142		ZNG1B-201	20	0.1148409470915794	TGACA
45360	chr2	113594843	113594844	a	18.18181818181818	+	113594843	113594844		WASH2P-202	22	0.2742202579975128	GAACT
45361	chr2	113594935	113594936	a	14.28571428571428	+	113594935	113594936		WASH2P-202	21	0.3258672952651978	TGACC
45362	chr2	113594941	113594942	a	31.818181818181817	+	113594941	113594942		WASH2P-202	22	0.5179902911186218	TGACT
45363	chr2	113595441	113595442	a	0.0	+	113595441	113595442		WASH2P-202	22	0.0283808372914791	GGACC
45364	chr2	113595705	113595706	a	36.36363636363636	+	113595705	113595706		WASH2P-202	22	0.7847024202346802	GGACT
45365	chr2	113595760	113595761	a	63.63636363636363	+	113595760	113595761		WASH2P-202	22	0.7625330686569214	GGACT
45366	chr2	113596090	113596091	a	5.0	+	113596090	113596091		WASH2P-202	20	0.1383796632289886	GGACC
45367	chr2	113596110	113596111	a	0.0	+	113596110	113596111		WASH2P-202	23	0.0105365160852671	TAACA
45368	chr2	113596116	113596117	a	0.0	+	113596116	113596117		WASH2P-202	20	0.0446051619946957	AGACC
45369	chr2	113596196	113596197	a	34.782608695652165	+	113596196	113596197		WASH2P-202	23	0.5054531097412109	GAACA
45370	chr2	113596390	113596391	a	19.04761904761905	+	113596390	113596391		WASH2P-202	21	0.6300163269042969	GAACT
45371	chr2	113596408	113596409	a	0.0	+	113596408	113596409		WASH2P-202	20	0.0300068110227585	AGACC
45372	chr2	113596538	113596539	a	40.909090909090914	+	113596538	113596539		WASH2P-202	22	0.6373282670974731	GAACT
45373	chr2	113596690	113596691	a	0.0	+	113596690	113596691		WASH2P-202	20	0.0163275841623545	TAACA
45374	chr2	113598622	113598623	a	0.0	+	113598622	113598623		WASH2P-202	25	0.0798295363783836	GGACC
45375	chr2	113598669	113598670	a	26.923076923076923	+	113598669	113598670		WASH2P-202	26	0.6457822322845459	AGACT
45376	chr2	113598726	113598727	a	12.0	+	113598726	113598727		WASH2P-202	25	0.2055496424436569	TGACT
45377	chr2	113598751	113598752	a	0.0	+	113598751	113598752		WASH2P-202	25	0.0361565090715885	TGACA
45378	chr2	113598767	113598768	a	0.0	+	113598767	113598768		WASH2P-202	25	0.0284693744033575	AGACC
45379	chr2	113598773	113598774	a	22.22222222222222	+	113598773	113598774		WASH2P-202	27	0.3676557242870331	AGACT
45380	chr2	113598791	113598792	a	4.16666666666667	+	113598791	113598792		WASH2P-202	24	0.1191264763474464	TGACA
45381	chr2	113598797	113598798	a	78.26086956521739	+	113598797	113598798		WASH2P-202	23	0.9497028589248656	GGACA
45382	chr2	113598808	113598809	a	16.66666666666667	+	113598808	113598809		WASH2P-202	24	0.4607711732387543	GGACA
45383	chr2	113598821	113598822	a	0.0	+	113598821	113598822		WASH2P-202	24	0.0498892292380333	AGACC
45384	chr2	113598849	113598850	a	4.0	+	113598849	113598850		WASH2P-202	25	0.0662356987595558	GAACC
45385	chr2	113598866	113598867	a	0.0	+	113598866	113598867		WASH2P-202	23	0.0076756863854825	AGACC
45386	chr2	113598918	113598919	a	88.46153846153845	+	113598918	113598919		WASH2P-202	26	0.9915706515312196	GGACT
45387	chr2	113599025	113599026	a	34.615384615384606	+	113599025	113599026		WASH2P-202	26	0.7517672181129456	GAACT
45388	chr2	113626930	113626931	a	10.8695652173913	-	113626930	113626931		RPL23AP7-202	46	0.2489595711231232	TAACT
45389	chr2	113626907	113626908	a	0.0	-	113626907	113626908		RPL23AP7-202	44	0.0210431814193726	GAACC
45390	chr2	113625648	113625649	a	8.06451612903226	-	113625648	113625649		RPL23AP7-202	62	0.2097872495651245	GGACA
45391	chr2	113625618	113625619	a	1.63934426229508	-	113625618	113625619		RPL23AP7-202	61	0.0680824443697929	AGACA
45392	chr2	113612097	113612098	a	7.93650793650794	-	113612097	113612098		RPL23AP7-202	63	0.4271089136600494	AGACA
45393	chr2	113612089	113612090	a	31.66666666666667	-	113612089	113612090		RPL23AP7-202	60	0.771626353263855	TGACT
45394	chr2	113612042	113612043	a	0.0	-	113612042	113612043		RPL23AP7-202	58	0.0215570367872715	AAACA
45395	chr2	113612004	113612005	a	0.0	-	113612004	113612005		RPL23AP7-202	63	0.1087925881147385	TGACC
45396	chr2	113611970	113611971	a	0.0	-	113611970	113611971		RPL23AP7-202	64	0.0493633151054382	AAACA
45397	chr2	113611918	113611919	a	29.78723404255319	-	113611918	113611919		RPL23AP7-202	47	0.6525800228118896	AGACA
45398	chr2	113611895	113611896	a	48.07692307692308	-	113611895	113611896		RPL23AP7-202	52	0.7332133054733276	TGACA
45399	chr2	113611797	113611798	a	0.0	-	113611797	113611798		RPL23AP7-202	63	0.0266316775232553	TAACA
45400	chr2	113611777	113611778	a	37.704918032786885	-	113611777	113611778		RPL23AP7-202	61	0.8815736770629883	AAACT
45401	chr2	113611759	113611760	a	5.0	-	113611759	113611760		RPL23AP7-202	60	0.1527166664600372	TAACT
45402	chr2	113611702	113611703	a	0.0	-	113611702	113611703		RPL23AP7-202	25	0.0471545942127705	TGACA
45403	chr2	113611629	113611630	a	19.23076923076923	-	113611629	113611630		RPL23AP7-202	26	0.4288609027862549	TGACT
45404	chr2	113611623	113611624	a	28.57142857142857	-	113611623	113611624		RPL23AP7-202	28	0.5484563112258911	GAACT
45405	chr2	113611520	113611521	a	4.76190476190476	-	113611520	113611521		RPL23AP7-202	21	0.0968574583530426	TAACT
45406	chr2	113611495	113611496	a	0.0	-	113611495	113611496		RPL23AP7-202	21	0.0686204433441162	TAACT
45407	chr2	113611486	113611487	a	0.0	-	113611486	113611487		RPL23AP7-202	21	0.0332042463123798	AAACA
45408	chr2	113625648	113625649	a	13.63636363636364	-	113625648	113625649		RPL23AP7-201	22	0.2057051360607147	GGACA
45409	chr2	113625618	113625619	a	0.0	-	113625618	113625619		RPL23AP7-201	21	0.0092637212947011	AGACA
45410	chr2	113612097	113612098	a	14.28571428571428	-	113612097	113612098		RPL23AP7-201	21	0.3413880467414856	AGACA
45411	chr2	113612089	113612090	a	23.80952380952381	-	113612089	113612090		RPL23AP7-201	21	0.639218270778656	TGACT
45412	chr2	113612042	113612043	a	0.0	-	113612042	113612043		RPL23AP7-201	20	0.0264345556497574	AAACA
45413	chr2	113612004	113612005	a	0.0	-	113612004	113612005		RPL23AP7-201	21	0.109291598200798	TGACC
45414	chr2	113611970	113611971	a	0.0	-	113611970	113611971		RPL23AP7-201	21	0.0305497832596302	AAACA
45415	chr2	113611797	113611798	a	0.0	-	113611797	113611798		RPL23AP7-201	20	0.0259702410548925	TAACA
45428	chr2	113756474	113756475	a	4.545454545454549	-	113756474	113756475		SLC35F5-201	22	0.1698621064424515	TGACA
45429	chr2	113756420	113756421	a	4.16666666666667	-	113756420	113756421		SLC35F5-201	24	0.1298234462738037	TGACC
45430	chr2	113755457	113755458	a	0.0	-	113755457	113755458		SLC35F5-201	22	0.0180057473480701	AGACA
45431	chr2	113755305	113755306	a	12.5	-	113755305	113755306		SLC35F5-201	24	0.2104115188121796	AGACT
45432	chr2	113755276	113755277	a	0.0	-	113755276	113755277		SLC35F5-201	26	0.0791893377900124	GAACC
45433	chr2	113755258	113755259	a	17.39130434782609	-	113755258	113755259		SLC35F5-201	23	0.2955593168735504	GAACA
45434	chr2	113755173	113755174	a	32.14285714285715	-	113755173	113755174		SLC35F5-201	28	0.5400792360305786	GAACT
45435	chr2	113750544	113750545	a	0.0	-	113750544	113750545		SLC35F5-201	21	0.0080020520836115	AAACC
45436	chr2	113750519	113750520	a	4.0	-	113750519	113750520		SLC35F5-201	25	0.0789782553911209	AAACA
45437	chr2	113750466	113750467	a	0.0	-	113750466	113750467		SLC35F5-201	27	0.0083011146634817	AGACA
45438	chr2	113750448	113750449	a	18.51851851851852	-	113750448	113750449		SLC35F5-201	27	0.2897067964076996	GGACT
45439	chr2	113743788	113743789	a	7.14285714285714	-	113743788	113743789		SLC35F5-201	28	0.1075951904058456	GAACC
45440	chr2	113743743	113743744	a	0.0	-	113743743	113743744		SLC35F5-201	26	0.0423678234219551	AAACC
45441	chr2	113743729	113743730	a	0.0	-	113743729	113743730		SLC35F5-201	30	0.1135770082473755	AAACA
45442	chr2	113743712	113743713	a	0.0	-	113743712	113743713		SLC35F5-201	24	0.0005534082883969	AAACC
45443	chr2	113742769	113742770	a	11.11111111111111	-	113742769	113742770		SLC35F5-201	27	0.3060415387153625	GAACA
45444	chr2	113742750	113742751	a	10.0	-	113742750	113742751		SLC35F5-201	30	0.2252556830644608	AAACT
45445	chr2	113742739	113742740	a	3.33333333333333	-	113742739	113742740		SLC35F5-201	30	0.0387219972908497	AAACT
45446	chr2	113735817	113735818	a	16.66666666666667	-	113735817	113735818		SLC35F5-201	30	0.2818403840065002	AGACA
45447	chr2	113734671	113734672	a	54.83870967741935	-	113734671	113734672		SLC35F5-201	31	0.7365767359733582	GGACT
45448	chr2	113734633	113734634	a	0.0	-	113734633	113734634		SLC35F5-201	24	0.0347696617245674	TAACA
45449	chr2	113734605	113734606	a	14.814814814814811	-	113734605	113734606		SLC35F5-201	27	0.2597635686397552	AAACT
45450	chr2	113731624	113731625	a	0.0	-	113731624	113731625		SLC35F5-201	31	0.0352585352957249	AAACC
45451	chr2	113731605	113731606	a	0.0	-	113731605	113731606		SLC35F5-201	33	0.0123014152050018	AAACC
45452	chr2	113731591	113731592	a	0.0	-	113731591	113731592		SLC35F5-201	31	0.0366608947515488	AGACA
45453	chr2	113729426	113729427	a	0.0	-	113729426	113729427		SLC35F5-201	26	0.0170599166303873	AGACA
45454	chr2	113725464	113725465	a	37.93103448275862	-	113725464	113725465		SLC35F5-201	29	0.6870416402816772	GGACT
45455	chr2	113725405	113725406	a	17.24137931034483	-	113725405	113725406		SLC35F5-201	29	0.3274484276771545	GAACA
45456	chr2	113723119	113723120	a	0.0	-	113723119	113723120		SLC35F5-201	36	0.1020489707589149	TGACA
45457	chr2	113719244	113719245	a	29.411764705882348	-	113719244	113719245		SLC35F5-201	34	0.5374996662139893	TAACT
45458	chr2	113719167	113719168	a	0.0	-	113719167	113719168		SLC35F5-201	38	0.0569306015968323	AAACA
45459	chr2	113717838	113717839	a	3.44827586206897	-	113717838	113717839		SLC35F5-201	29	0.0741290077567101	AGACA
45460	chr2	113717831	113717832	a	19.44444444444444	-	113717831	113717832		SLC35F5-201	36	0.3988416790962219	GAACA
45461	chr2	113715182	113715183	a	21.21212121212121	-	113715182	113715183		SLC35F5-201	33	0.485055148601532	GAACT
45462	chr2	113715166	113715167	a	12.5	-	113715166	113715167		SLC35F5-201	32	0.2886787056922913	AGACA
45463	chr2	113715110	113715111	a	0.0	-	113715110	113715111		SLC35F5-201	37	0.020721772685647	TAACA
45464	chr2	113715091	113715092	a	17.14285714285714	-	113715091	113715092		SLC35F5-201	35	0.5253413915634155	AAACT
45465	chr2	113714970	113714971	a	12.12121212121212	-	113714970	113714971		SLC35F5-201	33	0.3761492669582367	GGACC
45466	chr2	113714920	113714921	a	21.62162162162162	-	113714920	113714921		SLC35F5-201	37	0.5175372362136841	GAACT
45467	chr2	113714888	113714889	a	100.0	-	113714888	113714889		SLC35F5-201	33	0.9978708028793336	GGACT
45468	chr2	113714815	113714816	a	9.375	-	113714815	113714816		SLC35F5-201	32	0.1140309125185013	AGACC
45469	chr2	113714802	113714803	a	25.71428571428571	-	113714802	113714803		SLC35F5-201	35	0.7546019554138184	TGACA
45470	chr2	113714725	113714726	a	0.0	-	113714725	113714726		SLC35F5-201	41	0.0222316421568394	TAACC
45471	chr2	113714669	113714670	a	83.78378378378379	-	113714669	113714670		SLC35F5-201	37	0.9850521087646484	GGACT
45472	chr2	113714566	113714567	a	11.11111111111111	-	113714566	113714567		SLC35F5-201	27	0.2390130758285522	TGACA
45473	chr2	113714562	113714563	a	0.0	-	113714562	113714563		SLC35F5-201	38	0.0193749330937862	AAACC
45474	chr2	113714485	113714486	a	7.89473684210526	-	113714485	113714486		SLC35F5-201	38	0.3028448224067688	AAACT
45475	chr2	113714389	113714390	a	12.5	-	113714389	113714390		SLC35F5-201	40	0.2164344042539597	TGACA
45476	chr2	113706943	113706944	a	0.0	-	113706943	113706944		SLC35F5-201	20	0.0541602186858654	AAACA
45477	chr2	113706927	113706928	a	0.0	-	113706927	113706928		SLC35F5-201	20	0.0313290953636169	AAACT
45478	chr2	113706887	113706888	a	0.0	-	113706887	113706888		SLC35F5-201	20	0.0462729819118977	TAACC
45479	chr2	113890310	113890311	a	67.84599375650365	+	113890310	113890311		ACTR3-201	961	0.7765570878982544	GGACT
45480	chr2	113913180	113913181	a	0.62240663900415	+	113913180	113913181		ACTR3-201	964	0.0461511723697186	AAACT
45481	chr2	113913204	113913205	a	1.7259978425026998	+	113913204	113913205		ACTR3-201	927	0.1042787656188011	GAACC
45482	chr2	113916952	113916953	a	0.75757575757576	+	113916952	113916953		ACTR3-201	924	0.107901357114315	TGACC
45483	chr2	113916958	113916959	a	20.44025157232705	+	113916958	113916959		ACTR3-201	954	0.3664362728595734	AGACT
45484	chr2	113916989	113916990	a	1.09223300970874	+	113916989	113916990		ACTR3-201	824	0.0486504808068275	AAACC
45485	chr2	113927378	113927379	a	75.5741127348643	+	113927378	113927379		ACTR3-201	958	0.9300765991210938	GGACT
45486	chr2	113927430	113927431	a	5.6910569105691104	+	113927430	113927431		ACTR3-201	861	0.1883271485567093	GAACC
45487	chr2	113927438	113927439	a	0.0	+	113927438	113927439		ACTR3-201	949	0.0201662629842758	AGACC
45488	chr2	113931300	113931301	a	15.57177615571776	+	113931300	113931301		ACTR3-201	822	0.3825557231903076	TGACT
45489	chr2	113931305	113931306	a	3.2530120481927702	+	113931305	113931306		ACTR3-201	830	0.1168233603239059	GAACC
45490	chr2	113931328	113931329	a	5.08940852819807	+	113931328	113931329		ACTR3-201	727	0.1452355533838272	AAACA
45491	chr2	113934305	113934306	a	10.26178010471204	+	113934305	113934306		ACTR3-201	955	0.2544857859611511	GGACC
45492	chr2	113934313	113934314	a	0.9163802978236	+	113934313	113934314		ACTR3-201	873	0.0326874479651451	AGACA
45493	chr2	113934335	113934336	a	2.09944751381215	+	113934335	113934336		ACTR3-201	905	0.0751266106963158	TGACC
45494	chr2	113934351	113934352	a	1.84696569920844	+	113934351	113934352		ACTR3-201	758	0.0488137304782867	AGACA
45495	chr2	113939990	113939991	a	2.13849287169043	+	113939990	113939991		ACTR3-201	982	0.0498734265565872	AAACA
45496	chr2	113940018	113940019	a	2.11480362537764	+	113940018	113940019		ACTR3-201	993	0.0870667099952698	TAACA
45497	chr2	113940046	113940047	a	0.14513788098694	+	113940046	113940047		ACTR3-201	689	0.010800838470459	AGACC
45498	chr2	113940071	113940072	a	10.37527593818985	+	113940071	113940072		ACTR3-201	906	0.2265748083591461	GAACA
45499	chr2	113940084	113940085	a	2.92887029288703	+	113940084	113940085		ACTR3-201	956	0.127636507153511	AAACT
45500	chr2	113942228	113942229	a	0.0	+	113942228	113942229		ACTR3-201	982	0.0228457860648632	TAACA
45501	chr2	113942262	113942263	a	3.617021276595741	+	113942262	113942263		ACTR3-201	940	0.095094159245491	AAACA
45502	chr2	113942334	113942335	a	6.70391061452514	+	113942334	113942335		ACTR3-201	895	0.2119806110858917	GGACC
45503	chr2	113951491	113951492	a	17.71611526147279	+	113951491	113951492		ACTR3-201	937	0.3578658103942871	AGACT
45504	chr2	113951756	113951757	a	77.69709543568464	+	113951756	113951757		ACTR3-201	964	0.9077427983283995	GGACT
45505	chr2	113951791	113951792	a	11.30890052356021	+	113951791	113951792		ACTR3-201	955	0.3418187201023102	GAACT
45506	chr2	113955627	113955628	a	0.64034151547492	+	113955627	113955628		ACTR3-201	937	0.0189782194793224	AAACC
45507	chr2	113957409	113957410	a	10.13874066168623	+	113957409	113957410		ACTR3-201	937	0.2394325286149979	GGACC
45508	chr2	113957549	113957550	a	2.7027027027027	+	113957549	113957550		ACTR3-201	962	0.068199060857296	AAACC
45509	chr2	113957554	113957555	a	50.42462845010616	+	113957554	113957555		ACTR3-201	942	0.7456112504005432	TGACT
45510	chr2	113957567	113957568	a	0.0	+	113957567	113957568		ACTR3-201	899	0.0195712894201279	TAACA
45511	chr2	113957574	113957575	a	8.53031860226105	+	113957574	113957575		ACTR3-201	973	0.2268426716327667	AAACA
45512	chr2	113957681	113957682	a	0.0	+	113957681	113957682		ACTR3-201	915	0.0380825623869896	TAACA
45513	chr2	113957894	113957895	a	0.4434589800443499	+	113957894	113957895		ACTR3-201	902	0.0174097567796707	AAACC
45514	chr2	113957900	113957901	a	0.11614401858304	+	113957900	113957901		ACTR3-201	861	0.0372812114655972	TGACC
45515	chr2	113957938	113957939	a	5.57377049180328	+	113957938	113957939		ACTR3-201	915	0.1651968210935593	AGACT
45516	chr2	113958037	113958038	a	15.167930660888407	+	113958037	113958038		ACTR3-201	923	0.3746802508831024	GAACT
45517	chr2	113958061	113958062	a	15.29656607700312	+	113958061	113958062		ACTR3-201	961	0.3182664811611176	TAACT
45518	chr2	113958126	113958127	a	1.51324085750315	+	113958126	113958127		ACTR3-201	793	0.072812631726265	AGACA
45519	chr2	113958139	113958140	a	5.13447432762836	+	113958139	113958140		ACTR3-201	818	0.1697113364934921	GGACC
45520	chr2	113958178	113958179	a	1.76730486008837	+	113958178	113958179		ACTR3-201	679	0.0727892071008682	AAACA
45521	chr2	113958183	113958184	a	0.4622496147919899	+	113958183	113958184		ACTR3-201	649	0.0479964390397072	AAACA
45522	chr2	113958225	113958226	a	0.8985879332477501	+	113958225	113958226		ACTR3-201	779	0.0958664044737816	TAACA
45523	chr2	113958293	113958294	a	3.33333333333333	+	113958293	113958294		ACTR3-201	360	0.0968489348888397	TAACT
45524	chr2	113958316	113958317	a	15.64417177914111	+	113958316	113958317		ACTR3-201	326	0.2880876660346985	AGACT
45525	chr2	113958359	113958360	a	30.1994301994302	+	113958359	113958360		ACTR3-201	351	0.5441626310348511	TGACT
45526	chr2	113958393	113958394	a	25.214899713467048	+	113958393	113958394		ACTR3-201	349	0.5008803606033325	GAACT
45527	chr2	113958426	113958427	a	8.60927152317881	+	113958426	113958427		ACTR3-201	302	0.2250231802463531	TAACT
45528	chr2	113958459	113958460	a	19.6078431372549	+	113958459	113958460		ACTR3-201	357	0.5513147115707397	TAACT
45529	chr2	113958502	113958503	a	23.44632768361582	+	113958502	113958503		ACTR3-201	354	0.3893747329711914	GAACA
45530	chr2	113958580	113958581	a	21.20141342756184	+	113958580	113958581		ACTR3-201	283	0.4381232261657715	AAACT
45531	chr2	113958718	113958719	a	0.0	+	113958718	113958719		ACTR3-201	24	0.0631319135427475	TGACC
45532	chr2	113958797	113958798	a	8.0	+	113958797	113958798		ACTR3-201	25	0.3508556485176086	GAACA
45533	chr2	113958805	113958806	a	26.08695652173913	+	113958805	113958806		ACTR3-201	23	0.7336875796318054	GAACT
45534	chr2	113958826	113958827	a	0.0	+	113958826	113958827		ACTR3-201	25	0.0487601086497307	TAACA
45535	chr2	113958919	113958920	a	8.0	+	113958919	113958920		ACTR3-201	25	0.2387069463729858	AAACT
45536	chr2	113959010	113959011	a	0.0	+	113959010	113959011		ACTR3-201	23	0.0130024580284953	AGACA
45537	chr2	113959014	113959015	a	8.695652173913041	+	113959014	113959015		ACTR3-201	23	0.1565285623073578	AAACT
45538	chr2	113959085	113959086	a	0.0	+	113959085	113959086		ACTR3-201	25	0.0408137068152428	AAACA
45539	chr2	113959107	113959108	a	4.347826086956521	+	113959107	113959108		ACTR3-201	23	0.0935940369963646	AAACA
45540	chr2	113959180	113959181	a	14.28571428571428	+	113959180	113959181		ACTR3-201	21	0.212074875831604	AGACT
45541	chr2	113959268	113959269	a	40.909090909090914	+	113959268	113959269		ACTR3-201	22	0.585171639919281	GAACT
45542	chr2	113959324	113959325	a	14.28571428571428	+	113959324	113959325		ACTR3-201	21	0.3015527725219727	GAACT
